0,ACTCGTAA
1,AAACGATA
2,TTACCTCG
3,GCCTGCAA
4,TGGTATAC
5,CGTTCGAG
6,TCTATTAC
7,ATAAGCTC
8,ATTCATGG
9,ATCCGCGA
10,ATCGCATA
11,CCGTTCTA
12,TGGCGCGC
13,TGTCTGAA
14,CTGTCCCG
15,AATTTCTC
16,CGCGACTA
17,GGGATCGG
18,TTATTCTG
19,AGGCGGCA
20,ACGCCGGC
21,TTGTCTTA
22,TACGGTTA
23,TTGGGAGA
24,TGCTTGGG
25,TAAATATC
26,CACAATTG
27,GTGCTAGC
28,CGCCCGGA
29,GCTCGCGG
30,CTTTGGTC
31,TTCCGATC
32,TTCGCTAC
33,AGCGAAAC
34,AAATAGCA
35,CGTCTAGG
36,GCCGTGTA
37,CGCTTAAA
38,GACCTTTC
39,GGTGGAGC
40,TACTCGAA
41,CATTTGGA
42,GACGGGAC
43,GTCGCGCG
44,GTTACGTA
45,CTATTTCA
46,ACTATATA
47,TCACTTTA
48,CTGCTTTG
49,CATGATCA
50,GGGTAGCG
51,CCGAGAAA
52,ACGGACTC
53,ACTTACGA
54,TATTTAAG
55,ACCGTACG
56,TATAGTCG
57,TGGGCATC
58,TACCTAGA
59,GCTGCATG
60,GTCATATG
61,ATATTGGC
62,CTAAGGGA
63,TCGTTTCG
64,GAATAATG
65,ACTGCGCA
66,GCTTATAG
67,ATCATGCA
68,ACGTTAAC
69,CCATCTTG
70,CATAGCTA
71,GAGGTTGA
72,GCACTGAC
73,TTCATCGC
74,GAAATTAG
75,AGGATTAA
76,AATAGAAC
77,TCTTAATC
78,TAATACGC
79,GTTTGTGA
80,CGAACGTC
81,GGTTCTTC
82,GCAAATTC
83,GCTATGCG
84,CTACCCTA
85,GTGGGTTC
86,GTCCGTAG
87,TGCGATCG
88,TATCCGGG
89,AGGTAATA
90,CGTGGTTG
91,GACAAAGC
92,GGGCGATG
93,ATCTATAA
94,GCCCATGA
95,CTGAAAGG
